Stock,P/B,P/E,Forward P/E,PEG,Debt/Eq,EPS (ttm),Dividend %,ROE,ROI,EPS Q/Q,Industry,currentPrice,recommendationKey,recommendationMean,shortName
A,9.52,48.39,26.45,3.56,0.58,3.21,0.5,20.4,10.0,35.3,Healthcare,155.32,none,,"Agilent Technologies, Inc."
AAL,,,6.92,,,-10.46,,83.0,-30.5,100.6,Industrials,20.17,hold,3.1,"American Airlines Group, Inc."
AAP,4.21,23.0,16.82,1.62,0.0,9.33,1.86,17.7,11.8,0.0,Consumer Cyclical,214.5,buy,2.2,Advance Auto Parts Inc Advance 
AAPL,37.03,28.06,25.23,1.41,1.89,5.11,0.61,131.0,31.7,100.6,Technology,143.29,buy,1.9,Apple Inc.
ABBV,15.59,29.84,7.93,6.38,6.53,3.71,4.69,48.3,12.7,191.9,Healthcare,110.87,buy,2.0,AbbVie Inc.
ABC,658.72,,11.23,,186.92,-18.43,1.48,764.1,-105.2,-0.7,Healthcare,118.57,buy,2.3,AmerisourceBergen Corporation
ABMD,11.79,100.86,63.74,10.06,0.0,3.37,,12.2,12.5,-159.8,Healthcare,340.3,buy,2.3,"ABIOMED, Inc."
ABT,6.21,33.0,25.3,2.63,0.55,3.57,1.53,19.4,9.7,120.4,Healthcare,117.91,buy,1.9,Abbott Laboratories
ACN,10.71,35.64,32.22,3.02,0.0,9.15,1.08,30.1,28.9,26.2,Technology,326.25,none,,Accenture plc
ACY,,,,,,-17.57,,154.1,-50.2,76.3,Industrials,57.85,none,,AeroCentury Corp.
ADBE,19.16,47.77,40.67,2.65,0.0,12.12,,42.4,30.6,28.0,Technology,578.96,buy,1.8,Adobe Inc.
ADI,5.02,36.55,22.87,2.12,0.42,4.57,1.65,14.0,8.2,38.8,Technology,166.98,buy,1.9,"Analog Devices, Inc."
ADM,1.65,15.38,13.77,1.61,0.45,4.1,2.35,11.3,3.9,50.8,Consumer Defensive,63.02,buy,1.8,Archer-Daniels-Midland Company
ADP,15.5,34.2,28.43,3.26,0.53,6.07,1.79,45.1,29.4,34.2,Industrials,207.57,hold,3.0,"Automatic Data Processing, Inc."
ADSK,46.86,47.82,40.72,1.8,0.0,5.92,,150.6,49.6,17.6,Technology,283.02,buy,2.1,"Autodesk, Inc."
AEE,2.27,22.67,19.08,2.94,1.38,3.65,2.66,10.3,5.6,-17.9,Utilities,82.72,buy,2.1,Ameren Corporation
AEP,1.96,18.33,16.94,3.04,1.69,4.59,3.52,11.2,5.3,10.2,Utilities,84.14,buy,2.2,American Electric Power Company
AES,7.21,,14.42,,9.0,-0.22,2.49,-5.9,5.3,127.7,Utilities,24.09,buy,1.7,The AES Corporation
AFCG,,,,,,,6.7,,,,Real Estate,22.67,buy,2.0,"AFC Gamma, Inc."
AFL,1.09,6.54,10.42,1.07,0.24,8.29,2.44,17.6,12.2,45.1,Financial Services,54.16,hold,2.7,AFLAC Incorporated
AHCO,1.59,,16.79,,1.0,-1.97,,-8.1,6.7,519.8,Healthcare,23.25,strong_buy,1.4,AdaptHealth Corp.
AIG,0.75,12.0,9.51,0.38,0.54,4.77,2.24,6.5,-4.2,101.1,Financial Services,57.2,buy,2.2,"American International Group, I"
AIZ,1.68,24.43,11.65,1.37,0.43,6.66,1.62,7.8,6.6,19.3,Financial Services,162.69,buy,1.6,"Assurant, Inc."
AJG,3.72,34.35,26.48,2.77,0.73,4.47,1.25,13.2,9.8,16.7,Financial Services,153.43,buy,2.2,Arthur J. Gallagher & Co.
AKAM,3.78,29.5,16.94,2.46,0.43,3.52,,13.6,9.9,-4.2,Technology,103.75,buy,2.1,"Akamai Technologies, Inc."
ALB,4.21,36.04,42.09,1.21,0.33,6.17,0.7,13.9,5.6,349.9,Basic Materials,222.3,buy,2.4,Albemarle Corporation
ALGN,15.44,75.37,40.47,2.37,0.0,8.78,,21.4,55.2,586.5,Healthcare,661.41,buy,1.8,"Align Technology, Inc."
ALK,2.26,,8.26,,0.96,-5.01,,-19.4,-19.8,280.4,Industrials,60.24,buy,1.7,"Alaska Air Group, Inc."
ALL,1.46,5.2,9.91,,0.31,24.51,2.54,15.0,15.5,35.4,Financial Services,127.34,buy,2.3,Allstate Corporation (The)
ALLE,15.1,25.85,22.08,2.57,1.82,5.09,1.09,59.0,15.6,64.8,Industrials,131.54,hold,2.7,Allegion plc
AMAT,9.63,22.22,15.49,0.83,0.0,5.75,0.75,46.0,23.8,104.9,Technology,127.88,buy,2.0,"Applied Materials, Inc."
AMCR,3.82,19.64,13.45,3.53,1.32,0.6,3.97,19.8,9.6,45.0,Consumer Cyclical,11.84,hold,3.0,Amcor plc
AMD,18.32,37.99,34.88,1.17,0.0,2.8,,59.1,40.9,341.9,Technology,106.45,buy,2.3,"Advanced Micro Devices, Inc."
AME,4.57,33.24,24.06,,0.47,3.78,0.64,14.5,11.5,37.9,Industrials,125.52,buy,2.1,"AMETEK, Inc."
AMGN,14.53,21.26,11.68,3.57,3.98,9.84,3.37,60.6,19.5,-73.6,Healthcare,209.12,buy,2.5,Amgen Inc.
AMP,5.75,31.58,11.58,3.35,4.11,8.75,1.64,18.4,6.0,213.1,Financial Services,276.35,buy,1.9,"Ameriprise Financial, Inc."
AMT,20.84,53.72,40.95,3.16,6.18,4.95,1.91,50.9,8.0,64.9,Real Estate,266.11,buy,2.0,American Tower Corporation (REI
AMZN,14.53,57.55,49.66,1.61,0.59,57.38,,29.9,13.9,46.9,Consumer Cyclical,3302.43,buy,1.7,"Amazon.com, Inc."
ANET,7.53,39.73,30.58,3.18,0.0,9.16,,21.5,17.9,35.3,Technology,364.12,buy,2.3,"Arista Networks, Inc."
ANSS,7.15,66.87,44.47,5.51,0.0,5.21,,11.4,8.9,-4.2,Technology,348.71,buy,2.3,"ANSYS, Inc."
ANTM,2.66,22.36,11.83,1.65,0.66,17.02,1.19,12.4,10.1,-18.7,Healthcare,380.66,buy,1.9,"Anthem, Inc."
AON,14.92,32.19,22.66,2.27,1.65,9.11,0.7,53.1,20.8,-2.2,Financial Services,293.28,buy,2.5,Aon plc
AOS,5.71,23.8,16.75,2.97,0.06,2.72,1.61,24.3,17.6,74.8,Industrials,64.66,hold,2.7,A.O. Smith Corporation
APA,,12.17,7.11,,,1.87,0.44,-51.6,-60.5,181.6,Energy,22.8,buy,2.4,APA Corporation
APD,4.46,29.94,24.7,2.5,0.59,8.8,2.28,15.6,8.8,17.6,Basic Materials,263.35,buy,2.3,"Air Products and Chemicals, Inc"
APH,7.9,33.57,28.5,2.54,0.92,2.25,0.77,26.0,14.3,38.9,Technology,75.6,buy,2.2,Amphenol Corporation
APTV,5.36,45.47,31.87,0.96,0.49,3.62,,12.5,17.2,137.9,Consumer Cyclical,164.8,buy,2.2,Aptiv PLC
ARE,2.01,29.78,43.85,297.77,0.62,6.55,2.3,7.3,2.2,43.1,Real Estate,195.13,buy,1.6,Alexandria Real Estate Equities
ATH,0.69,4.05,7.8,0.44,0.0,17.72,,20.3,9.5,66.6,Financial Services,71.71,hold,2.8,Athene Holding Ltd.
ATO,1.52,17.1,16.53,2.19,0.94,5.25,2.79,11.3,6.0,-18.6,Utilities,89.76,buy,2.4,Atmos Energy Corporation
ATVI,3.69,23.19,17.58,1.67,0.22,3.34,0.61,17.1,12.3,49.7,Communication Services,77.36,buy,1.8,"Activision Blizzard, Inc"
AVB,2.89,29.34,49.95,11.55,0.69,7.7,2.81,10.0,2.6,164.3,Real Estate,226.04,hold,2.7,"AvalonBay Communities, Inc."
AVGO,8.34,36.59,14.99,2.48,1.66,13.5,2.92,24.0,7.2,188.2,Technology,493.92,buy,2.0,Broadcom Inc.
AVY,10.39,24.38,20.22,2.42,1.21,8.75,1.28,48.2,15.6,130.6,Industrials,213.33,buy,2.2,Avery Dennison Corporation
AWK,4.69,42.05,37.39,4.89,1.64,4.1,1.4,11.4,5.9,17.0,Utilities,172.47,hold,2.6,"American Water Works Company, I"
AXP,5.47,20.26,18.56,0.49,4.86,8.6,0.99,29.2,2.0,848.5,Financial Services,174.29,buy,2.5,American Express Company
AZO,,17.59,17.34,1.26,,95.73,,-144.2,39.8,84.0,Consumer Cyclical,1683.73,buy,2.2,"AutoZone, Inc."
BA,,,37.47,,,-15.35,,54.4,-22.6,123.7,Industrials,226.48,buy,2.3,Boeing Company (The)
BAC,1.5,14.77,10.38,0.61,2.01,2.99,1.9,10.5,5.5,174.0,Financial Services,44.12,buy,2.4,Bank of America Corporation
BAX,4.77,36.95,20.29,3.19,0.73,2.18,1.39,13.1,8.6,23.0,Healthcare,80.58,buy,2.2,Baxter International Inc.
BBL,2.56,11.63,13.61,,0.41,4.46,6.01,23.0,19.9,62.1,Basic Materials,51.88,strong_buy,1.4,BHP Group PlcSponsored
BBY,6.21,10.99,11.05,1.21,0.32,9.79,2.6,59.1,30.4,76.2,Consumer Cyclical,107.59,buy,2.5,"Best Buy Co., Inc."
BDX,2.9,37.97,19.51,3.76,0.73,6.37,1.37,7.7,3.3,77.0,Healthcare,241.75,buy,2.2,"Becton, Dickinson and Company"
BEN,1.37,12.61,8.72,1.18,0.0,2.42,3.67,11.3,5.1,46.6,Financial Services,30.51,hold,3.2,"Franklin Resources, Inc."
BF.B,,,,,,,,,,,,,,,
BIIB,4.01,23.08,13.92,,0.0,12.47,,17.9,19.6,-68.8,Healthcare,287.77,buy,2.3,Biogen Inc.
BIO,1.88,5.45,53.77,0.31,0.0,134.1,,39.6,-6.9,-5.7,Healthcare,731.44,strong_buy,1.5,"Bio-Rad Laboratories, Inc."
BK,1.16,14.09,12.06,1.26,0.64,3.87,2.49,8.4,2.7,12.1,Financial Services,54.53,buy,2.2,The Bank of New York Mellon Cor
BKNG,21.12,250.33,25.26,,2.54,9.86,,8.5,-7.4,-236.7,Consumer Cyclical,2469.0,hold,2.6,Booking Holdings Inc. Common St
BKR,1.16,,20.02,,0.39,-0.2,2.9,-0.2,-64.7,71.7,Energy,24.79,buy,1.9,Baker Hughes Company
BLK,3.56,23.67,17.47,1.42,0.0,35.59,1.96,15.6,10.5,13.7,Financial Services,842.35,buy,1.8,"BlackRock, Inc."
BLL,8.27,36.29,21.98,2.41,2.13,2.53,0.87,26.2,7.6,113.8,Consumer Cyclical,91.91,buy,2.3,Ball Corporation
BMY,3.57,,7.31,,1.23,-2.27,3.32,-12.5,-12.1,,Healthcare,59.01,buy,2.0,Bristol-Myers Squibb Company
BR,10.83,36.39,24.19,3.08,2.15,4.64,1.36,35.1,9.3,12.0,Technology,168.9,hold,2.6,"Broadridge Financial Solutions,"
BRK.B,,,,,,,,,,,,,,,
BSX,3.89,118.53,23.38,5.56,0.57,0.37,,3.4,-0.3,210.7,Healthcare,43.62,buy,1.8,Boston Scientific Corporation
BWA,1.64,13.64,9.28,0.63,0.66,3.36,1.49,12.9,2.2,586.4,Consumer Cyclical,45.78,buy,2.4,BorgWarner Inc.
BXP,3.08,58.91,40.75,8.42,2.22,1.93,3.45,5.2,4.7,-85.5,Real Estate,113.46,hold,2.6,"Boston Properties, Inc."
C,0.81,7.49,9.22,0.26,0.0,9.63,2.83,11.1,6.8,647.7,Financial Services,72.19,buy,2.1,"Citigroup, Inc."
CAG,1.92,12.86,12.77,7.14,1.05,2.66,3.21,15.6,9.3,55.5,Consumer Defensive,34.22,hold,2.7,"ConAgra Brands, Inc."
CAH,7.9,23.69,7.88,3.61,3.48,2.07,4.0,35.0,9.3,-82.4,Healthcare,49.0,hold,2.9,"Cardinal Health, Inc."
CARR,6.86,18.99,17.81,1.02,1.44,2.81,0.9,40.6,13.6,82.4,Industrials,53.35,buy,2.1,Carrier Global Corporation
CAT,6.37,25.01,15.71,0.81,2.23,7.83,2.27,27.6,6.6,204.3,Industrials,195.75,hold,2.6,"Caterpillar, Inc."
CB,1.32,9.85,12.89,0.37,0.0,18.1,1.79,13.9,4.1,789.6,Financial Services,178.32,buy,2.1,Chubb Limited
CBOE,3.88,30.7,21.4,12.28,0.38,4.07,1.54,13.0,10.3,-4.8,Financial Services,125.01,buy,2.4,"Cboe Global Markets, Inc."
CBRE,4.31,27.72,18.81,2.52,0.4,3.56,,16.9,6.8,437.1,Real Estate,98.64,buy,2.1,CBRE Group Inc
CCI,8.57,66.56,53.63,3.17,2.31,2.6,3.08,11.6,6.1,86.9,Real Estate,172.85,buy,2.2,Crown Castle International Corp
CCL,1.87,,344.93,,2.1,-8.55,,-49.8,-18.6,32.1,Consumer Cyclical,24.49,buy,2.5,Carnival Corporation
CDNS,16.55,62.78,43.84,5.37,0.0,2.42,,27.3,21.2,19.0,Technology,152.25,buy,2.3,"Cadence Design Systems, Inc."
CDW,23.66,27.15,21.14,2.14,3.75,6.54,0.9,78.9,18.5,47.6,Technology,177.46,buy,2.1,CDW Corporation
CE,4.73,7.32,11.43,0.26,0.96,21.87,1.7,75.4,25.2,419.0,Basic Materials,160.07,buy,2.1,Celanese Corporation Celanese C
CERN,5.28,31.01,19.77,2.63,0.46,2.28,1.24,,12.1,-75.5,Healthcare,70.74,buy,2.3,Cerner Corporation
CF,4.03,28.76,13.88,,1.14,2.11,1.98,15.2,8.6,28.3,Basic Materials,60.66,buy,2.0,"CF Industries Holdings, Inc."
CFG,0.98,10.86,11.34,,0.33,4.48,3.21,9.2,12.5,173.8,Financial Services,48.66,buy,2.0,"Citizens Financial Group, Inc."
CHD,6.03,25.9,25.55,3.54,0.58,3.2,1.22,25.1,16.2,15.7,Consumer Defensive,82.98,hold,2.8,"Church & Dwight Company, Inc."
CHRW,6.27,18.7,17.04,1.79,0.75,4.79,2.28,34.6,18.0,35.4,Industrials,89.64,hold,2.8,"C.H. Robinson Worldwide, Inc."
CHTR,7.13,38.88,24.72,1.06,4.55,19.09,,17.1,7.2,41.1,Communication Services,741.95,buy,2.3,"Charter Communications, Inc."
CI,1.44,8.98,8.01,0.66,0.68,22.78,1.95,16.7,11.9,-10.1,Healthcare,204.71,buy,1.9,Cigna Corporation
CINF,1.61,6.76,24.0,0.47,0.08,17.59,2.12,26.2,10.9,-23.3,Financial Services,118.87,buy,2.4,Cincinnati Financial Corporatio
CL,137.44,23.69,21.85,3.33,17.17,3.19,2.38,514.4,37.1,11.9,Consumer Defensive,75.59,hold,2.8,Colgate-Palmolive Company
CLX,49.87,29.82,24.68,19.84,6.77,5.54,2.81,82.2,22.4,-67.7,Consumer Defensive,165.06,hold,3.1,Clorox Company (The)
CMA,1.52,10.93,15.53,,0.38,7.7,3.23,14.1,11.9,176.3,Financial Services,84.15,hold,2.9,Comerica Incorporated
CMCSA,2.78,21.44,13.41,1.14,1.09,2.68,1.74,13.7,7.1,23.3,Communication Services,57.4,buy,1.9,Comcast Corporation
CME,2.71,37.76,25.32,7.61,0.13,5.35,1.78,7.2,6.8,1.3,Financial Services,202.11,hold,2.6,CME Group Inc.
CMG,23.9,89.86,54.87,1.54,0.0,20.55,,29.0,17.4,66.4,Consumer Cyclical,1846.67,buy,2.1,"Chipotle Mexican Grill, Inc."
CMI,4.33,15.78,12.38,0.87,0.5,14.88,2.47,27.8,14.2,119.6,Industrials,234.86,buy,2.3,Cummins Inc.
CMS,3.02,21.34,21.02,3.73,2.13,2.84,2.87,16.2,5.8,22.2,Utilities,60.57,buy,2.4,CMS Energy Corporation
CNC,1.44,52.74,11.4,4.8,0.65,1.21,,2.8,5.0,-144.7,Healthcare,63.97,buy,1.8,Centene Corporation
CNP,2.1,19.49,18.38,10.83,2.26,1.31,2.5,12.2,6.8,121.2,Utilities,25.57,buy,2.1,"CenterPoint Energy, Inc (Holdin"
COF,1.3,6.7,9.75,0.15,0.61,25.04,1.43,20.6,16.9,244.8,Financial Services,167.88,buy,2.2,Capital One Financial Corporati
COG,3.86,32.67,9.37,0.8,0.45,0.68,1.98,12.2,7.6,0.1,Energy,22.25,hold,2.6,Cabot Oil & Gas Corporation
COO,3.01,7.07,23.46,0.71,0.24,58.64,0.01,51.2,5.1,921.7,Healthcare,414.88,buy,2.3,"The Cooper Companies, Inc."
COP,2.18,61.54,12.92,,0.45,1.16,2.41,5.0,-3.5,540.4,Energy,71.51,buy,1.8,ConocoPhillips
COST,12.17,40.19,37.55,4.13,0.46,11.27,0.7,26.6,15.5,45.5,Consumer Defensive,452.87,buy,2.2,Costco Wholesale Corporation
CPB,4.06,12.76,14.31,3.11,1.6,3.31,3.51,33.9,14.8,233.8,Consumer Defensive,42.2,hold,3.1,Campbell Soup Company
CPRT,9.45,36.15,31.6,1.62,0.11,3.9,,30.1,24.2,53.5,Industrials,140.88,buy,1.8,"Copart, Inc."
CRL,9.04,53.77,35.97,3.84,1.18,7.75,,18.6,8.6,28.4,Healthcare,416.57,buy,1.8,Charles River Laboratories Inte
CRM,4.61,108.92,49.23,10.51,0.21,2.52,,5.2,4.5,-80.2,Technology,274.58,buy,1.9,Salesforce.com Inc
CSCO,5.77,22.02,14.22,3.37,0.29,2.5,2.69,26.1,20.7,3.3,Technology,55.02,buy,2.3,"Cisco Systems, Inc."
CSX,5.45,21.82,18.85,1.47,1.22,1.48,1.15,25.8,11.6,137.8,Industrials,32.18,buy,2.1,CSX Corporation
CTAS,11.43,37.84,33.77,3.26,0.69,10.59,0.95,30.9,19.4,83.0,Industrials,400.8,buy,2.3,Cintas Corporation
CTLT,5.7,42.15,33.17,2.54,0.83,3.11,,15.0,9.5,17.9,Healthcare,131.04,buy,1.7,"Catalent, Inc."
CTSH,3.54,23.88,15.47,1.98,0.06,3.15,1.28,15.2,12.2,45.3,Technology,75.26,buy,2.4,Cognizant Technology Solutions 
CTVA,1.23,23.79,16.94,1.08,0.06,1.79,1.32,4.9,2.3,35.0,Basic Materials,42.49,buy,2.4,"Corteva, Inc."
CTXS,44.16,36.1,18.21,4.78,11.86,2.89,1.42,200.8,30.3,-44.5,Technology,104.21,buy,2.5,"Citrix Systems, Inc."
CVS,1.52,15.43,10.27,2.44,0.81,5.46,2.38,10.2,7.4,-7.4,Healthcare,84.2,buy,2.0,CVS Health Corporation
CVX,1.52,56.73,14.16,,0.32,1.86,5.07,2.7,-2.0,135.9,Energy,105.68,buy,2.3,Chevron Corporation
CWEN,2.08,65.9,,,,0.49,4.17,,,-25.5,Utilities,32.16,none,,"Clearway Energy, Inc."
CZR,4.73,,79.88,,5.12,-10.29,,-40.4,-2.4,122.4,Consumer Cyclical,116.15,buy,1.9,"Caesars Entertainment, Inc."
D,2.46,25.88,17.9,3.89,1.64,2.85,3.41,1.8,3.2,-69.0,Utilities,73.85,buy,2.2,"Dominion Energy, Inc."
DAL,21.73,,10.57,,22.68,-10.49,,-400.3,-30.2,111.3,Industrials,43.68,buy,2.0,"Delta Air Lines, Inc."
DD,1.39,32.18,14.27,2.34,0.0,2.19,1.7,18.5,-4.2,132.0,Basic Materials,70.54,buy,2.2,"DuPont de Nemours, Inc."
DE,6.8,19.94,15.43,0.48,3.05,17.26,1.22,37.6,6.9,107.1,Industrials,344.09,buy,2.2,Deere & Company
DFS,3.19,8.14,10.17,,1.6,15.63,1.57,45.3,28.8,560.5,Financial Services,127.28,buy,2.2,Discover Financial Services
DG,8.07,20.19,18.73,3.05,0.0,10.44,0.8,38.9,26.0,-13.7,Consumer Defensive,210.83,buy,1.9,Dollar General Corporation
DGX,3.04,8.55,17.35,,0.68,16.78,1.73,34.7,13.8,265.5,Healthcare,143.5,buy,2.1,Quest Diagnostics Incorporated
DHI,2.2,8.45,6.47,1.21,0.32,9.98,0.95,28.7,14.8,78.7,Consumer Cyclical,84.29,buy,1.9,"D.R. Horton, Inc."
DHR,5.48,40.98,29.49,2.36,0.52,7.38,0.28,14.7,6.6,83.4,Healthcare,302.61,buy,1.9,Danaher Corporation
DIS,3.72,283.43,24.79,5.57,0.64,0.63,,1.3,-1.9,119.3,Communication Services,177.71,buy,1.9,Walt Disney Company (The)
DISCA,1.16,12.73,8.25,1.53,1.3,2.08,,9.8,7.8,150.8,Communication Services,26.46,hold,2.6,"Discovery, Inc. - Series A"
DISCK,1.54,22.71,7.85,1.14,,1.12,,,,-62.9,Communication Services,25.37,hold,3.0,"Discovery, Inc. - Series C"
DISH,1.67,10.9,18.22,,1.13,4.16,,18.6,6.4,35.9,Communication Services,45.32,buy,2.4,DISH Network Corporation
DLR,2.42,80.23,92.35,4.42,0.83,1.79,3.23,3.0,1.4,127.5,Real Estate,143.69,buy,2.2,"Digital Realty Trust, Inc."
DLTR,3.2,15.48,15.5,1.47,0.46,6.35,,20.8,14.2,12.0,Consumer Defensive,98.28,hold,2.6,"Dollar Tree, Inc."
DOV,6.18,26.38,19.59,1.8,0.0,6.06,1.25,25.4,12.0,111.8,Industrials,159.8,buy,2.3,Dover Corporation
DOW,2.81,10.76,9.46,,1.01,5.44,4.79,30.0,4.7,918.0,Basic Materials,58.51,hold,2.7,Dow Inc.
DPZ,,38.9,30.66,2.96,,12.41,0.78,-14.0,80.9,2.5,Consumer Cyclical,482.71,buy,2.4,Domino's Pizza Inc
DRE,3.51,38.45,56.34,6.41,0.69,1.32,2.01,9.5,4.6,335.6,Real Estate,50.71,buy,2.1,Duke Realty Corporation
DRI,7.24,24.9,18.4,0.82,0.53,6.26,1.7,-8.6,16.1,172.2,Consumer Cyclical,155.8,buy,2.1,"Darden Restaurants, Inc."
DTE,1.79,16.84,17.17,6.35,1.86,6.83,2.87,10.7,5.7,-35.7,Utilities,115.06,buy,2.4,DTE Energy Company
DUK,1.68,26.4,18.47,4.84,1.42,3.82,3.9,6.3,4.4,187.9,Utilities,100.96,hold,2.6,Duke Energy Corporation (Holdin
DVA,9.53,14.92,11.79,0.86,7.03,7.67,,63.0,13.6,62.3,Healthcare,114.47,hold,3.0,DaVita Inc.
DVN,3.07,183.73,9.94,7.35,0.8,0.21,1.15,4.7,-31.0,120.9,Energy,38.4,buy,1.8,Devon Energy Corporation
DXC,1.74,27.74,8.17,0.98,0.97,1.25,,6.6,1.2,232.1,Technology,34.65,buy,2.5,DXC Technology Company
DXCM,26.1,100.97,152.66,6.16,0.0,5.34,,29.4,15.8,32.3,Healthcare,539.19,buy,1.6,"DexCom, Inc."
EA,5.09,59.31,18.54,2.26,0.0,2.32,0.49,8.6,8.9,-43.5,Communication Services,137.59,buy,2.1,Electronic Arts Inc.
EBAY,3.84,22.79,16.65,1.92,0.7,3.25,0.97,222.7,15.8,-55.7,Consumer Cyclical,74.17,buy,2.5,eBay Inc.
ECL,9.23,59.27,35.39,3.67,1.0,3.65,0.89,16.7,8.8,140.6,Basic Materials,216.47,hold,2.6,Ecolab Inc.
ED,1.3,22.57,16.48,11.29,1.22,3.29,4.17,5.9,5.2,-16.0,Utilities,74.38,hold,3.5,"Consolidated Edison, Inc."
EFX,9.13,43.88,29.06,3.21,1.12,5.91,0.6,22.6,6.9,113.3,Industrials,259.36,buy,2.3,"Equifax, Inc."
EIX,1.53,26.68,12.32,6.51,1.84,2.14,4.64,5.8,4.1,-1.1,Utilities,57.12,buy,2.2,Edison International
EL,18.86,40.38,37.13,2.16,0.92,7.79,0.67,53.5,18.6,315.6,Consumer Defensive,314.79,buy,2.1,"Estee Lauder Companies, Inc. (T"
EMN,2.4,45.02,11.07,3.33,0.93,2.33,2.63,5.3,6.0,-641.5,Basic Materials,104.99,buy,2.0,Eastman Chemical Company
EMR,6.27,24.87,17.96,1.93,0.79,3.91,2.08,26.4,13.5,56.6,Industrials,97.34,buy,2.3,Emerson Electric Company
ENPH,36.31,124.0,56.86,2.95,1.74,1.27,,33.1,24.7,173.8,Technology,157.23,buy,2.1,"Enphase Energy, Inc."
EOG,2.38,26.62,9.64,0.44,0.25,3.22,1.92,9.2,-1.6,198.8,Energy,85.79,buy,2.1,"EOG Resources, Inc."
EQIX,6.45,201.13,94.37,4.44,1.3,3.81,1.5,3.2,3.3,-50.0,Real Estate,766.49,buy,1.7,"Equinix, Inc."
EQR,3.01,43.85,65.34,7.19,0.79,1.91,2.88,6.9,7.1,16.4,Real Estate,83.63,hold,2.8,Equity Residential
ES,2.07,23.72,21.06,3.55,1.34,3.63,2.8,8.8,5.1,3.1,Utilities,86.09,hold,2.6,Eversource Energy (D/B/A)
ESS,3.6,53.28,66.91,6.74,1.03,6.18,2.54,6.7,,-22.8,Real Estate,329.27,hold,2.6,"Essex Property Trust, Inc."
ETN,3.98,32.78,20.76,1.82,0.79,4.7,1.98,12.6,6.8,891.9,Industrials,153.92,buy,2.1,"Eaton Corporation, PLC"
ETR,1.91,16.82,16.27,4.81,2.33,6.15,3.67,11.4,5.4,-101.7,Utilities,103.46,buy,2.1,Entergy Corporation
ETSY,51.8,62.13,60.77,1.18,4.38,3.48,,73.5,21.2,-8.3,Consumer Cyclical,216.52,buy,1.9,"Etsy, Inc."
EVRG,1.6,18.05,17.81,3.17,1.23,3.48,3.41,9.0,5.5,37.6,Utilities,62.72,buy,1.7,"Evergy, Inc."
EW,13.44,47.98,42.86,2.98,0.12,2.31,,31.5,15.6,495.4,Healthcare,110.89,buy,2.2,Edwards Lifesciences Corporatio
EXC,1.48,49.05,14.89,3.07,1.27,0.99,3.14,3.0,3.4,-23.3,Utilities,48.71,buy,2.1,Exelon Corporation
EXPD,6.34,19.94,21.05,5.86,0.0,5.79,1.0,35.8,25.6,69.7,Industrials,115.47,hold,3.1,Expeditors International of Was
EXPE,23.44,,26.2,,0.0,-10.65,,-113.1,-23.7,62.2,Consumer Cyclical,172.3,buy,2.4,"Expedia Group, Inc."
EXR,7.77,35.51,32.93,5.92,1.81,4.86,2.9,23.7,7.9,57.5,Real Estate,172.43,buy,2.1,Extra Space Storage Inc
F,1.72,17.6,6.86,0.24,4.24,0.85,,10.3,-2.4,-50.2,Consumer Cyclical,14.89,buy,2.4,Ford Motor Company
FANG,1.74,,8.09,,0.67,-8.69,1.52,-13.2,-31.2,111.3,Energy,105.12,buy,1.8,"Diamondback Energy, Inc. - Comm"
FAST,10.52,35.03,30.79,5.53,0.14,1.5,2.12,30.8,27.7,0.0,Industrials,52.72,hold,2.9,Fastenal Company
FB,6.75,24.41,17.34,0.85,0.0,13.49,,30.1,22.2,100.9,Communication Services,329.22,buy,1.9,"Facebook, Inc."
FBHS,4.34,18.55,15.12,2.13,0.0,5.14,1.09,25.4,11.8,86.6,Consumer Cyclical,95.42,buy,2.4,"Fortune Brands Home & Security,"
FCPT,2.44,25.24,23.66,,0.99,1.08,4.67,9.8,6.7,0.8,Real Estate,27.21,buy,2.0,"Four Corners Property Trust, In"
FCX,4.19,17.95,9.71,0.99,0.81,1.91,0.87,26.7,7.0,341.4,Basic Materials,34.32,buy,2.0,"Freeport-McMoRan, Inc."
FDX,2.44,12.48,9.98,1.06,0.85,17.87,1.35,22.2,8.3,-11.7,Industrials,222.95,buy,1.9,FedEx Corporation
FE,2.67,18.59,13.34,,3.26,1.96,4.28,14.9,4.9,-81.2,Utilities,36.43,buy,2.4,FirstEnergy Corp.
FFIV,5.56,42.03,17.19,3.28,0.17,4.82,,13.5,11.6,28.4,Technology,202.48,buy,2.3,"F5 Networks, Inc."
FIS,1.55,848.25,14.77,49.3,0.4,0.14,1.29,0.2,0.7,1694.7,Technology,121.3,buy,1.9,Fidelity National Information S
FISV,2.28,65.23,16.75,3.46,0.66,1.68,,3.6,3.1,13350.0,Technology,109.26,buy,1.8,"Fiserv, Inc."
FITB,1.49,12.79,13.41,,0.59,3.43,2.46,11.9,12.3,315.1,Financial Services,43.85,buy,2.0,Fifth Third Bancorp
FLT,6.29,29.04,17.49,1.94,1.46,9.08,,23.8,10.3,25.7,Technology,263.78,buy,2.2,"FleetCor Technologies, Inc."
FMC,3.73,20.2,11.71,2.43,1.23,4.45,2.14,18.2,12.1,12.3,Basic Materials,89.87,buy,2.0,FMC Corporation
FOX,2.04,11.57,16.53,1.26,,3.36,1.18,,,626.9,Communication Services,38.84,none,,Fox Corporation
FOXA,2.19,11.74,12.3,1.55,0.71,3.59,1.09,19.6,12.4,114.8,Communication Services,42.15,buy,2.4,Fox Corporation
FRC,3.22,29.19,22.15,1.79,0.16,6.95,0.43,11.7,23.7,39.4,Financial Services,202.93,hold,2.6,FIRST REPUBLIC BANK
FRT,4.05,61.56,41.54,9.19,1.82,1.98,3.52,6.6,4.2,417.7,Real Estate,121.71,hold,2.7,Federal Realty Investment Trust
FTNT,48.08,99.88,69.14,6.01,0.94,3.1,,57.2,55.4,21.7,Technology,309.62,buy,2.2,"Fortinet, Inc."
FTV,2.63,16.19,23.78,1.59,0.28,4.41,0.39,,3.7,283.8,Technology,71.43,buy,2.2,Fortive Corporation
GD,3.7,17.57,16.19,2.1,0.93,11.48,2.36,21.5,12.3,19.9,Industrials,201.73,buy,2.4,General Dynamics Corporation
GE,3.46,184.14,25.31,,1.9,0.57,0.04,-8.3,9.4,52.8,Industrials,105.51,buy,2.1,General Electric Company
GILD,4.34,16.73,10.15,12.39,1.53,4.07,4.17,27.8,5.0,145.4,Healthcare,68.14,buy,2.4,"Gilead Sciences, Inc."
GIS,3.86,16.27,15.64,3.36,1.34,3.77,3.33,25.4,12.0,-1.0,Consumer Defensive,61.32,hold,2.9,"General Mills, Inc."
GL,1.12,12.84,11.14,1.74,0.26,7.31,0.84,9.2,7.7,18.6,Financial Services,93.92,hold,2.9,Globe Life Inc.
GLW,2.61,37.28,15.35,1.55,0.62,0.99,2.6,7.7,4.7,-231.6,Technology,36.94,buy,1.9,Corning Incorporated
GM,1.58,6.53,8.09,0.49,2.15,8.65,,26.7,3.1,437.7,Consumer Cyclical,56.44,buy,1.7,General Motors Company
GNRC,15.79,51.85,34.7,6.48,0.53,8.05,,35.6,16.7,89.9,Industrials,417.58,buy,1.6,Generac Holdlings Inc.
GOGL,1.18,9.76,6.5,,0.83,1.09,7.04,12.3,-2.3,280.7,Industrials,10.66,buy,1.7,Golden Ocean Group Limited
GOOG,8.12,37.1,26.27,1.52,,75.04,,,,166.2,Communication Services,2783.71,buy,1.6,Alphabet Inc.
GOOGL,7.84,30.19,26.21,1.24,0.06,92.24,,27.9,14.1,169.1,Communication Services,2784.5,buy,1.7,Alphabet Inc.
GPC,5.59,22.2,18.52,4.83,0.78,5.65,2.6,25.4,3.6,153.8,Consumer Cyclical,125.39,hold,2.8,Genuine Parts Company
GPN,1.77,55.24,16.56,2.71,0.4,2.89,0.63,3.2,2.2,615.9,Industrials,159.87,buy,1.9,Global Payments Inc.
GPS,2.96,14.35,9.36,2.93,0.0,1.65,2.03,27.9,-12.5,503.2,Consumer Cyclical,23.63,hold,2.7,"Gap, Inc. (The)"
GRMN,5.39,25.46,24.98,3.49,0.0,6.15,1.71,21.6,17.1,71.0,Technology,156.6,buy,2.4,Garmin Ltd.
GS,1.48,7.14,10.85,0.37,8.89,54.67,2.05,22.6,1.2,1370.8,Financial Services,390.62,buy,2.2,"Goldman Sachs Group, Inc. (The)"
GWW,11.63,25.37,14.97,1.76,1.27,16.41,1.56,45.6,19.6,101.9,Industrials,416.24,hold,2.7,"W.W. Grainger, Inc."
HAL,3.84,144.32,14.87,2.61,1.78,0.16,0.77,2.8,-15.6,113.3,Energy,23.38,buy,2.2,Halliburton Company
HAS,4.32,29.34,16.96,1.66,1.61,3.04,3.05,14.7,5.1,32.8,Consumer Cyclical,89.31,buy,1.9,"Hasbro, Inc."
HBAN,1.02,16.5,11.21,,0.4,0.97,3.76,8.0,14.5,-140.5,Financial Services,15.97,buy,2.3,Huntington Bancshares Incorpora
HBI,10.67,742.61,7.12,49.51,6.55,0.02,3.51,-48.3,1.6,7.9,Consumer Cyclical,17.08,buy,2.5,Hanesbrands Inc.
HCA,,16.62,11.13,1.2,,14.58,0.79,,18.8,38.0,Healthcare,242.28,buy,2.0,"HCA Healthcare, Inc."
HD,172.18,23.74,22.16,2.24,17.48,14.22,1.96,704.7,34.9,12.5,Consumer Cyclical,337.48,buy,2.1,"Home Depot, Inc. (The)"
HES,4.68,,16.98,,1.54,-0.53,1.2,-2.9,-18.0,77.4,Energy,83.61,buy,2.2,Hess Corporation
HIG,1.43,12.28,10.42,1.31,0.0,5.9,1.93,12.0,8.7,94.8,Financial Services,72.42,buy,2.0,Hartford Financial Services Gro
HII,3.96,10.98,13.72,15.69,0.0,18.47,2.25,38.2,19.1,145.8,Industrials,202.86,hold,2.6,"Huntington Ingalls Industries, "
HLT,,,33.59,,,-1.02,,19.2,-2.9,129.8,Consumer Cyclical,141.17,buy,2.3,Hilton Worldwide Holdings Inc.
HOLX,4.74,9.2,19.39,2.24,0.81,7.8,,59.7,21.1,96.5,Healthcare,71.72,buy,1.6,"Hologic, Inc."
HON,8.45,31.01,23.74,2.44,1.19,7.04,1.7,27.8,12.2,33.3,Industrials,218.37,buy,2.3,Honeywell International Inc.
HPE,1.14,18.98,7.46,1.39,0.95,0.78,3.25,6.3,-0.7,4255.6,Technology,14.77,buy,2.5,Hewlett Packard Enterprise Comp
HPQ,,8.69,7.4,0.53,,3.23,2.78,-127.6,76.1,79.2,Technology,28.05,hold,2.6,HP Inc.
HRL,3.3,26.28,21.38,3.37,0.49,1.57,2.37,13.0,11.6,-13.0,Consumer Defensive,41.34,hold,3.2,Hormel Foods Corporation
HSIC,3.33,18.82,16.21,0.39,0.23,4.24,,18.3,10.9,27.4,Healthcare,79.71,hold,2.6,"Henry Schein, Inc."
HST,1.87,,40.17,,0.89,-0.83,,-9.4,-6.5,83.0,Real Estate,16.47,hold,2.7,Host Hotels
HSY,16.25,25.88,23.96,2.94,1.9,6.88,2.02,65.1,21.0,12.8,Consumer Defensive,178.05,buy,2.5,The Hershey Company
HUM,3.5,21.34,12.8,1.6,0.5,18.92,0.69,17.0,17.8,-66.9,Healthcare,403.86,buy,2.1,Humana Inc.
HWM,3.92,47.97,22.03,1.56,1.2,0.67,0.25,8.3,7.7,186.7,Industrials,32.14,buy,2.1,Howmet Aerospace Inc.
IBM,5.78,24.5,12.01,1.5,2.51,5.79,4.63,25.1,6.8,-4.7,Technology,141.81,hold,2.6,International Business Machines
ICE,3.38,25.28,21.9,2.85,0.69,5.0,1.04,14.1,6.6,132.6,Financial Services,126.4,buy,2.0,Intercontinental Exchange Inc.
IDXX,71.12,74.31,66.4,3.73,1.21,8.38,,115.4,39.9,35.6,Healthcare,623.01,buy,2.4,"IDEXX Laboratories, Inc."
IEX,6.08,38.96,27.93,3.25,0.45,5.49,1.01,16.4,11.9,43.3,Industrials,213.83,buy,2.2,IDEX Corporation
IFF,1.61,108.94,21.5,16.95,0.55,1.27,2.29,1.0,4.6,-93.7,Basic Materials,138.25,buy,2.1,Internationa Flavors & Fragranc
ILMN,11.39,77.64,80.68,3.65,0.32,5.2,,15.8,6.5,296.3,Healthcare,404.05,hold,2.8,"Illumina, Inc."
INCY,4.92,42.96,14.88,2.06,0.01,1.53,,12.7,-12.4,-48.9,Healthcare,65.65,buy,2.2,Incyte Corporation
INFO,5.36,77.37,33.78,6.96,0.55,1.55,0.67,7.1,8.5,-1.0,Industrials,119.77,buy,2.1,IHS Markit Ltd.
INTC,2.58,12.05,12.23,1.21,0.42,4.5,2.57,23.1,16.6,4.0,Technology,54.18,hold,2.8,Intel Corporation
INTU,14.87,71.82,41.58,4.95,0.21,7.49,0.44,24.3,16.9,-19.2,Technology,537.73,buy,1.9,Intuit Inc.
IP,2.54,18.89,9.63,0.73,0.86,2.87,3.78,14.7,4.8,60.9,Consumer Cyclical,54.26,buy,2.3,International Paper Company
IPG,4.84,20.0,14.12,1.2,1.13,1.89,2.86,25.9,8.1,663.5,Communication Services,37.72,buy,2.3,"Interpublic Group of Companies,"
IPGP,3.13,38.35,25.65,0.91,0.01,4.13,,8.6,5.8,81.0,Technology,158.24,buy,2.2,IPG Photonics Corporation
IQV,7.84,78.32,21.71,3.95,2.06,3.11,,4.8,3.5,159.6,Healthcare,243.82,buy,1.7,"IQVIA Holdings, Inc."
IR,2.34,53.41,23.49,3.05,0.42,0.97,,1.4,0.5,187.9,Industrials,51.7,buy,2.0,Ingersoll Rand Inc.
IRM,11.07,21.01,26.77,3.28,7.78,2.09,5.62,58.0,8.5,-28.7,Real Estate,43.96,hold,2.6,Iron Mountain Incorporated (Del
ISRG,3.7,25.28,20.43,1.74,0.0,13.38,,16.2,9.3,648.7,Healthcare,338.34,buy,2.2,"Intuitive Surgical, Inc."
IT,49.56,47.04,45.61,2.87,4.67,6.49,,64.5,12.6,410.6,Technology,305.3,buy,2.1,"Gartner, Inc."
ITW,19.3,25.61,22.93,1.78,2.17,8.4,2.12,84.3,20.2,143.3,Industrials,215.25,hold,3.0,Illinois Tool Works Inc.
IVZ,1.08,11.36,8.15,0.5,0.81,2.23,2.68,10.0,3.4,803.4,Financial Services,25.37,buy,2.5,Invesco Ltd
J,2.86,35.91,19.02,2.49,0.51,3.75,0.62,8.6,6.4,-26.6,Industrials,134.85,buy,1.7,Jacobs Engineering Group Inc.
JBHT,6.52,30.89,22.25,1.51,0.47,5.6,0.69,22.6,14.2,39.7,Industrials,173.05,buy,2.4,"J.B. Hunt Transport Services, I"
JCI,2.81,30.28,21.33,1.51,0.44,2.32,1.54,10.2,4.1,426.0,Industrials,70.29,buy,2.1,Johnson Controls International 
JKHY,9.25,40.02,32.42,4.15,0.08,4.12,1.12,21.8,22.0,29.8,Technology,164.69,hold,2.6,"Jack Henry & Associates, Inc."
JNJ,6.2,24.26,15.47,2.73,0.48,6.65,2.63,27.0,14.6,72.7,Healthcare,161.34,buy,2.1,Johnson & Johnson
JNPR,2.14,46.25,14.82,4.84,0.39,0.62,2.79,4.6,4.4,2.1,Technology,28.63,hold,3.0,"Juniper Networks, Inc."
JPM,2.04,11.34,10.56,1.38,1.18,14.99,2.12,18.6,4.7,173.0,Financial Services,170.09,buy,2.3,JP Morgan Chase & Co.
K,6.4,16.31,15.1,4.96,2.26,3.87,3.68,41.1,14.0,8.9,Consumer Defensive,63.11,hold,2.7,Kellogg Company
KEY,1.36,9.88,11.64,0.87,0.82,2.3,3.26,14.2,9.4,341.2,Financial Services,22.7,hold,2.8,KeyCorp
KEYS,8.01,36.8,24.59,2.63,0.48,4.44,,23.5,12.4,47.4,Technology,163.23,buy,2.1,Keysight Technologies Inc.
KHC,0.91,22.02,13.95,,0.5,1.68,4.31,4.3,1.7,98.4,Consumer Defensive,37.08,hold,2.8,The Kraft Heinz Company
KIM,1.65,24.1,30.98,5.24,0.91,0.91,3.12,7.0,2.9,-86.7,Real Estate,21.81,buy,2.3,Kimco Realty Corporation
KLAC,14.95,24.66,16.53,1.57,1.02,13.38,1.27,68.3,32.3,55.8,Technology,330.1,buy,2.2,KLA Corporation
KMB,86.26,22.8,16.75,12.09,17.39,5.87,3.41,399.2,28.1,-40.0,Consumer Defensive,133.7,hold,2.9,Kimberly-Clark Corporation
KMI,1.25,22.59,16.72,3.27,1.08,0.75,6.38,5.4,1.6,-18.5,Energy,16.94,hold,3.0,"Kinder Morgan, Inc."
KMX,4.56,18.67,17.24,1.13,3.36,7.04,,17.4,3.8,8673.7,Consumer Cyclical,131.35,buy,1.8,CarMax Inc
KO,10.44,28.87,22.2,2.85,1.89,1.87,3.12,40.1,12.2,47.7,Consumer Defensive,53.88,buy,2.3,Coca-Cola Company (The)
KR,3.18,26.37,12.06,3.81,1.53,1.5,2.13,12.1,8.7,-40.5,Consumer Defensive,39.5,hold,2.8,Kroger Company (The)
KSU,6.78,214.08,27.19,12.97,1.0,1.32,0.76,3.1,10.2,-460.8,Industrials,282.59,hold,2.8,Kansas City Southern
L,0.83,9.84,,0.7,0.5,5.79,0.44,8.8,-2.8,196.5,Financial Services,56.93,hold,3.0,Loews Corporation
LB,,,,,,,,,,,,,,,
LDOS,3.35,19.1,12.47,1.99,1.25,5.11,1.48,18.8,9.8,11.2,Technology,97.48,buy,1.9,"Leidos Holdings, Inc."
LEG,4.05,15.24,14.59,2.93,1.32,2.99,3.69,28.5,9.7,98.4,Consumer Cyclical,45.57,buy,2.5,"Leggett & Platt, Incorporated"
LEN,1.48,9.58,6.53,0.9,0.35,9.81,1.06,16.5,9.7,60.2,Consumer Cyclical,94.06,buy,2.2,Lennar Corporation
LH,2.66,9.54,15.57,,0.54,29.29,,30.4,12.1,100.8,Healthcare,279.3,buy,1.7,Laboratory Corporation of Ameri
LHX,2.36,32.23,16.07,3.04,0.36,7.16,1.77,7.3,3.4,54.6,Industrials,230.64,buy,2.2,"L3Harris Technologies, Inc."
LIN,3.39,48.0,26.15,3.22,0.34,6.23,1.42,7.1,3.9,85.3,Basic Materials,299.16,buy,2.0,Linde plc
LKQ,2.66,16.69,13.59,0.5,0.42,3.11,,16.6,8.5,159.4,Consumer Cyclical,51.96,strong_buy,1.5,LKQ Corporation
LLY,32.84,35.05,27.53,2.38,2.56,6.65,1.46,102.0,22.6,-1.5,Healthcare,233.18,buy,2.2,Eli Lilly and Company
LMT,14.96,13.68,12.6,3.15,1.87,25.71,3.18,120.0,40.1,12.6,Industrials,351.78,buy,2.2,Lockheed Martin Corporation
LNC,0.63,10.19,5.81,0.24,0.31,7.09,2.33,6.6,2.8,786.6,Financial Services,72.25,buy,2.5,Lincoln National Corporation
LNT,2.44,22.69,20.65,3.91,1.26,2.5,2.84,10.9,6.2,6.8,Utilities,56.66,buy,2.5,Alliant Energy Corporation
LOW,,21.44,17.01,1.21,,9.7,1.54,483.2,28.8,13.7,Consumer Cyclical,207.9,buy,1.9,"Lowe's Companies, Inc."
LRCX,13.16,20.64,15.73,1.31,0.83,26.93,0.94,70.0,36.4,68.8,Technology,555.82,buy,2.1,Lam Research Corporation
LUMN,1.18,,9.98,,2.66,-0.88,7.87,-7.9,0.9,32.9,Communication Services,12.7,hold,3.5,"Lumen Technologies, Inc."
LUV,3.3,,18.76,,1.17,-2.74,,-17.1,-13.7,134.8,Industrials,54.04,buy,2.0,Southwest Airlines Company
LVS,11.39,,19.13,,5.8,-1.72,,-47.1,-9.7,66.0,Consumer Cyclical,37.12,buy,2.1,Las Vegas Sands Corp.
LW,17.74,26.94,15.23,1.56,5.7,2.16,1.62,76.0,11.9,,Consumer Defensive,58.2,buy,1.7,"Lamb Weston Holdings, Inc."
LYB,3.12,8.01,6.4,0.16,1.35,12.24,4.61,47.3,6.7,552.8,Basic Materials,97.96,hold,2.6,LyondellBasell Industries NV
LYV,,,158.1,,,-6.83,,263.9,-36.6,66.2,Communication Services,98.97,buy,2.2,"Live Nation Entertainment, Inc."
MA,54.36,49.15,33.3,1.8,2.16,7.2,0.5,115.3,35.3,47.6,Financial Services,353.91,buy,1.8,Mastercard Incorporated
MAA,3.7,54.56,52.42,7.79,0.77,3.52,2.14,6.8,4.0,189.8,Real Estate,191.84,hold,2.6,Mid-America Apartment Communiti
MAR,64.92,149.95,23.61,,12.8,1.05,,82.2,2.6,278.4,Consumer Cyclical,157.75,buy,2.5,Marriott International
MAS,,28.49,12.83,2.34,,2.0,1.65,,34.3,-118.1,Industrials,57.12,buy,2.4,Masco Corporation
MCD,,27.04,25.09,1.32,,9.18,2.08,-94.0,20.0,356.6,Consumer Cyclical,248.32,buy,2.0,McDonald's Corporation
MCHP,7.4,87.13,16.11,5.38,1.54,1.71,1.17,8.9,5.0,86.6,Technology,149.25,buy,2.0,Microchip Technology Incorporat
MCK,,,9.36,,,-28.21,0.84,-369.9,-61.0,13.3,Healthcare,199.6,buy,1.9,McKesson Corporation
MCO,31.0,32.7,29.33,2.97,0.0,11.1,0.68,115.0,24.2,14.0,Financial Services,362.99,buy,2.2,Moody's Corporation
MDLZ,3.06,19.85,19.13,2.2,0.69,3.02,2.34,15.8,5.1,101.4,Consumer Defensive,59.89,buy,2.0,"Mondelez International, Inc."
MDT,3.31,44.24,20.17,3.26,0.5,2.87,1.99,7.6,4.9,57.3,Healthcare,126.83,buy,1.9,Medtronic plc.
MET,0.82,12.96,8.83,1.71,0.26,4.98,2.97,6.2,6.8,2249.7,Financial Services,64.55,buy,2.0,"MetLife, Inc."
MGM,3.54,,89.54,,2.06,-2.55,0.02,-19.5,-2.4,108.2,Consumer Cyclical,44.77,buy,2.5,MGM Resorts International
MHK,1.44,12.48,11.27,3.12,0.31,14.53,,12.1,5.0,811.3,Consumer Cyclical,181.32,buy,2.4,"Mohawk Industries, Inc."
MKC,4.9,28.6,25.66,5.2,1.26,2.81,1.69,18.1,9.3,2.9,Consumer Defensive,80.43,hold,3.0,"McCormick & Company, Incorporat"
MKTX,15.41,55.53,49.45,8.53,0.0,7.56,0.63,29.9,31.4,-19.7,Financial Services,419.84,hold,2.8,"MarketAxess Holdings, Inc."
MLM,3.67,29.33,22.05,1.86,0.47,12.3,0.68,13.0,9.8,3.4,Basic Materials,360.61,buy,2.3,"Martin Marietta Materials, Inc."
MMC,7.87,32.26,23.88,2.58,1.07,4.85,1.19,26.8,11.4,42.8,Financial Services,156.6,hold,2.6,"Marsh & McLennan Companies, Inc"
MMM,7.15,17.49,16.71,1.96,1.26,10.16,3.33,44.9,18.4,15.1,Industrials,177.8,hold,3.1,3M Company
MNST,8.06,31.3,29.85,2.11,0.0,2.88,,29.1,27.4,28.6,Consumer Defensive,90.07,buy,2.0,Monster Beverage Corporation
MO,26.41,18.9,9.59,4.05,8.67,2.46,7.75,149.4,17.7,11.2,Consumer Defensive,46.48,buy,2.4,"Altria Group, Inc."
MOS,1.45,10.77,10.82,1.54,0.43,3.67,0.76,14.9,6.8,817.6,Basic Materials,39.54,buy,2.2,Mosaic Company (The)
MPC,1.43,,19.55,,0.98,-2.27,3.65,32.2,-18.2,261.8,Energy,63.5,buy,1.8,Marathon Petroleum Corporation
MPWR,19.89,112.64,57.49,4.51,0.0,4.19,0.51,20.0,15.9,79.3,Technology,472.2,buy,1.8,"Monolithic Power Systems, Inc."
MRK,6.24,43.38,12.72,3.35,0.8,1.89,3.17,19.4,10.8,-59.7,Healthcare,81.94,buy,2.0,"Merck & Company, Inc."
MRNA,18.55,38.62,11.42,2.3,0.07,8.01,,88.1,-28.4,,Healthcare,309.36,hold,2.7,"Moderna, Inc."
MRO,1.14,,16.32,,0.46,-0.69,1.3,-5.1,-7.7,102.1,Energy,15.36,buy,2.3,Marathon Oil Corporation
MS,1.81,13.15,13.7,2.09,6.17,7.51,2.83,14.3,1.6,-5.4,Financial Services,98.8,buy,2.0,Morgan Stanley
MSCI,,73.29,54.99,4.12,,8.3,0.56,-166.9,25.6,45.5,Financial Services,608.5,buy,2.4,MSCI Inc
MSFT,15.63,36.6,29.18,2.4,0.5,8.05,0.76,46.2,28.2,48.3,Technology,294.85,buy,1.6,Microsoft Corporation
MSI,,35.57,24.0,2.59,,6.66,1.2,-212.9,23.9,117.7,Technology,236.85,buy,1.8,"Motorola Solutions, Inc."
MTB,1.28,11.82,12.98,0.83,0.23,13.01,2.86,11.1,17.9,-7.6,Financial Services,153.69,hold,2.6,M&T Bank Corporation
MTD,170.22,47.01,39.07,2.64,8.65,29.87,,254.5,37.3,50.4,Healthcare,1404.32,hold,3.1,"Mettler-Toledo International, I"
MU,1.87,13.72,7.93,0.63,0.16,5.14,0.57,,6.1,113.0,Technology,70.54,buy,1.9,"Micron Technology, Inc."
MXIM,,,,,,,,,,,Technology,103.14,hold,2.7,"Maxim Integrated Products, Inc."
NCLH,2.68,,65.33,,3.3,-11.11,,-84.8,-21.8,35.1,Consumer Cyclical,26.98,buy,2.3,Norwegian Cruise Line Holdings 
NDAQ,4.88,29.3,23.89,2.03,0.86,6.75,1.09,17.7,8.0,41.2,Financial Services,197.91,buy,2.4,"Nasdaq, Inc."
NEE,4.3,49.34,27.51,6.01,1.44,1.64,1.9,8.5,4.3,-80.0,Utilities,80.92,buy,2.0,"NextEra Energy, Inc."
NEM,1.88,16.93,15.33,,0.26,3.23,4.03,12.5,6.5,55.3,Basic Materials,54.61,buy,2.0,Newmont Corporation
NFLX,20.2,66.83,49.13,1.55,1.13,9.45,,36.5,14.8,87.4,Communication Services,631.85,buy,2.1,"Netflix, Inc."
NI,2.01,47.05,17.37,13.37,1.92,0.52,3.58,4.4,2.2,327.9,Utilities,24.56,buy,1.9,NiSource Inc
NKE,18.79,40.34,32.02,2.69,0.74,3.76,0.72,30.8,26.8,283.9,Consumer Cyclical,151.85,buy,1.9,"Nike, Inc."
NLOK,,20.99,12.15,1.45,,1.23,1.94,-125.6,23.6,26.2,Technology,25.73,buy,2.1,NortonLifeLock Inc.
NLSN,2.31,29.94,9.97,5.65,1.95,0.65,1.23,27.4,3.9,204.0,Industrials,19.46,buy,2.3,Nielsen N.V.
NOC,5.52,13.81,14.72,2.06,1.14,27.71,1.64,42.6,13.8,6.9,Industrials,382.7,buy,2.1,Northrop Grumman Corporation
NOV,1.06,,14.76,,0.38,-1.9,,-10.4,-33.8,63.0,Energy,14.07,buy,2.3,NOV Inc.
NOW,38.52,756.73,88.15,30.6,0.48,0.84,,5.8,2.7,44.1,Technology,637.92,buy,1.7,"ServiceNow, Inc."
NRG,3.97,9.45,7.97,0.22,3.46,4.37,3.15,55.9,8.0,245.8,Utilities,41.26,buy,2.3,"NRG Energy, Inc."
NSC,4.51,24.06,17.81,1.72,0.96,10.79,1.53,18.6,9.0,114.5,Industrials,259.66,buy,2.4,Norfolk Southern Corporation
NTAP,28.22,24.28,16.72,2.02,0.0,3.75,2.19,151.8,23.7,154.3,Technology,91.15,buy,2.5,"NetApp, Inc."
NTRS,2.15,19.26,15.37,1.26,14.29,5.86,2.48,11.4,0.7,17.7,Financial Services,112.95,hold,2.9,Northern Trust Corporation
NUE,2.4,9.78,25.84,0.29,0.44,10.12,1.64,27.0,6.2,1284.0,Basic Materials,98.95,buy,2.5,Nucor Corporation
NVDA,24.85,75.29,45.17,2.31,0.56,2.8,0.08,39.2,18.7,277.5,Technology,210.75,buy,2.0,NVIDIA Corporation
NVR,5.8,16.94,12.26,3.53,0.5,287.41,,37.4,20.4,94.0,Consumer Cyclical,4869.78,hold,2.7,"NVR, Inc."
NWL,2.4,13.36,11.87,3.21,1.38,1.68,4.09,18.6,-4.4,150.7,Consumer Defensive,22.49,buy,2.5,Newell Brands Inc.
NWS,1.72,,,,,-0.1,0.84,,,,Communication Services,23.79,none,,News Corporation
NWSA,1.73,43.2,27.91,2.21,0.28,0.56,0.83,4.1,3.7,96.5,Communication Services,24.06,buy,1.7,News Corporation
NXPI,7.1,53.36,16.94,2.9,0.0,3.63,1.16,12.4,2.7,285.8,Technology,193.85,buy,2.0,NXP Semiconductors N.V.
O,2.14,68.71,41.3,12.61,0.77,0.99,4.17,3.2,1.6,6.0,Real Estate,67.82,buy,2.2,Realty Income Corporation
ODFL,10.0,40.04,27.47,1.76,0.0,7.33,0.27,26.3,19.8,85.2,Industrials,293.72,buy,2.5,"Old Dominion Freight Line, Inc."
OGN,,,5.38,,,,3.41,,31.6,-21.2,Healthcare,32.84,buy,2.1,Organon & Co.
OKE,4.59,20.12,16.68,2.04,2.4,3.02,6.16,22.3,5.7,139.7,Energy,60.75,hold,2.7,"ONEOK, Inc."
OMC,4.85,12.12,11.87,1.28,1.59,6.22,3.71,43.9,13.4,,Communication Services,75.46,hold,2.7,Omnicom Group Inc.
ORCL,,19.61,17.9,1.85,,4.71,1.39,272.0,17.8,18.5,Technology,92.31,hold,2.9,Oracle Corporation
ORLY,195.47,21.96,20.81,1.61,0.0,27.86,,757.3,44.7,17.3,Consumer Cyclical,611.82,buy,2.2,"O'Reilly Automotive, Inc."
OTIS,,31.82,23.4,2.66,,2.65,1.14,-29.5,55.6,46.4,Industrials,84.38,buy,2.2,Otis Worldwide Corporation
OXY,3.58,,53.69,,4.24,-5.6,0.12,-61.6,-23.1,98.6,Energy,32.48,hold,2.7,Occidental Petroleum Corporatio
PAYC,37.38,176.57,91.59,6.54,0.04,2.9,,23.9,20.9,-42.8,Technology,511.69,buy,1.9,"Paycom Software, Inc."
PAYX,14.5,35.27,30.04,3.99,0.27,3.36,2.23,37.9,30.0,18.6,Industrials,118.64,hold,3.0,"Paychex, Inc."
PBCT,1.01,25.4,13.93,1.85,0.0,0.71,4.06,4.0,16.0,91.4,Financial Services,17.96,hold,3.0,People's
PCAR,2.58,16.47,11.74,0.83,0.0,5.04,1.64,16.5,6.6,232.1,Industrials,83.01,buy,2.4,PACCAR Inc.
PEAK,2.64,,85.52,,0.73,-0.04,3.55,,2.1,187.5,Real Estate,33.78,buy,2.3,"Healthpeak Properties, Inc."
PEG,1.92,20.77,17.45,,1.08,2.91,3.37,9.2,5.6,-139.5,Utilities,60.46,buy,2.2,Public Service Enterprise Group
PENN,3.99,28.29,25.67,,2.28,2.65,,16.2,-2.6,167.9,Consumer Cyclical,75.1,buy,2.4,"Penn National Gaming, Inc."
PEP,14.13,26.46,23.34,2.7,2.76,5.91,2.75,58.4,13.8,43.8,Consumer Defensive,156.39,buy,2.3,"Pepsico, Inc."
PFE,3.42,19.52,12.22,1.57,0.56,2.19,3.65,19.8,7.6,111.2,Healthcare,42.74,hold,2.6,"Pfizer, Inc."
PFG,1.14,11.83,8.77,0.76,0.27,5.75,3.71,9.9,6.8,-9.0,Financial Services,67.97,hold,2.7,Principal Financial Group Inc
PG,7.64,25.9,22.34,3.63,0.7,5.49,2.45,30.2,18.3,5.4,Consumer Defensive,142.32,buy,2.5,Procter & Gamble Company (The)
PGR,2.93,9.81,15.75,,0.3,9.29,0.44,31.3,27.0,-56.1,Financial Services,91.14,hold,2.9,Progressive Corporation (The)
PH,4.46,21.76,14.09,2.25,0.78,13.32,1.42,23.7,11.7,71.2,Industrials,289.76,buy,2.1,Parker-Hannifin Corporation
PHM,1.8,7.69,5.23,0.42,0.34,6.2,1.17,24.9,14.4,-6.4,Consumer Cyclical,47.66,buy,2.2,"PulteGroup, Inc."
PKG,3.9,21.36,15.18,1.27,0.72,6.68,2.8,19.1,9.6,264.9,Consumer Cyclical,142.67,hold,2.8,Packaging Corporation of Americ
PKI,4.52,16.26,24.82,0.43,0.56,10.52,0.16,31.1,14.0,78.4,Healthcare,171.0,buy,2.1,"PerkinElmer, Inc."
PLD,2.98,62.35,61.67,,0.53,2.08,1.95,4.8,2.2,48.1,Real Estate,129.38,buy,1.9,"Prologis, Inc."
PM,,16.86,14.24,1.34,,5.67,5.23,-74.8,49.0,11.4,Consumer Defensive,95.65,buy,2.1,Philip Morris International Inc
PNC,1.58,15.28,13.3,,0.64,13.21,2.48,10.4,10.9,228.0,Financial Services,201.8,buy,2.3,"PNC Financial Services Group, I"
PNR,5.29,25.58,19.62,1.56,0.32,2.83,1.1,22.0,13.1,78.2,Industrials,72.41,hold,2.7,Pentair plc.
PNW,1.35,14.61,14.17,146.14,1.22,4.67,4.87,10.1,5.4,11.1,Utilities,68.19,hold,2.9,Pinnacle West Capital Corporati
POOL,20.76,34.41,30.45,2.02,0.48,13.15,0.71,77.7,35.9,64.7,Consumer Cyclical,452.54,buy,2.3,Pool Corporation
PPG,5.73,23.6,15.48,2.47,1.15,6.38,1.57,26.4,10.0,331.4,Basic Materials,150.48,buy,2.2,"PPG Industries, Inc."
PPL,1.46,92.21,17.27,,0.89,0.31,5.85,-9.3,7.9,-450.3,Utilities,28.4,buy,2.5,PPL Corporation
PRGO,1.12,,13.33,,0.65,-3.24,2.08,-6.2,0.9,,Healthcare,46.25,hold,2.8,Perrigo Company plc
PRU,0.67,5.98,8.29,0.64,0.33,18.13,4.24,11.3,-0.4,179.7,Financial Services,108.49,hold,2.7,"Prudential Financial, Inc."
PSA,10.82,41.5,35.11,2.44,1.09,7.26,2.65,26.4,18.5,39.9,Real Estate,301.53,hold,2.7,Public Storage
PSX,1.92,,14.16,,0.85,-3.89,4.54,-9.1,-13.1,302.7,Energy,79.3,buy,2.2,Phillips 66
PTC,8.15,59.77,24.75,2.79,0.0,2.01,,15.1,8.5,44.7,Technology,120.2,buy,1.9,PTC Inc.
PVH,1.52,26.39,10.06,,0.56,4.05,,6.1,-12.3,447.1,Consumer Cyclical,107.0,buy,2.4,PVH Corp.
PWR,3.54,30.45,20.5,1.97,0.3,3.72,0.21,12.4,8.7,57.1,Industrials,113.39,buy,1.8,"Quanta Services, Inc."
PXD,1.91,204.72,9.77,,0.31,0.9,1.73,1.6,1.5,157.8,Energy,184.66,buy,1.9,Pioneer Natural Resources Compa
PYPL,14.8,64.36,45.14,2.66,0.43,4.09,,24.7,8.4,-22.7,Financial Services,263.54,buy,1.9,"PayPal Holdings, Inc."
QCOM,17.66,15.96,13.86,0.5,1.92,8.01,2.13,126.7,24.3,138.6,Technology,127.84,buy,2.0,QUALCOMM Incorporated
QRVO,3.98,20.63,12.47,1.34,0.38,8.02,,20.3,12.0,202.1,Technology,165.33,buy,2.1,"Qorvo, Inc."
RCL,2.87,,112.68,,2.67,-22.32,,-60.8,-16.6,32.4,Consumer Cyclical,88.79,buy,2.4,D/B/A Royal Caribbean Cruises L
RDS-A,1.07,32.55,7.39,4.07,0.6,1.41,3.24,3.5,-7.7,118.8,Energy,46.03,buy,1.7,Royal Dutch Shell PLC Royal Dut
RE,1.01,8.04,7.06,,0.0,33.1,2.33,13.3,4.5,286.9,Financial Services,266.07,buy,1.6,"Everest Re Group, Ltd."
REG,1.99,52.51,37.58,5.77,0.61,1.33,3.4,3.8,,400.8,Real Estate,69.94,buy,2.3,Regency Centers Corporation
REGN,3.83,9.91,12.46,2.48,0.18,55.71,,51.4,23.9,267.5,Healthcare,552.02,buy,2.0,"Regeneron Pharmaceuticals, Inc."
RF,1.26,8.6,10.85,0.19,0.17,2.54,2.93,15.0,11.7,414.0,Financial Services,21.85,buy,2.4,Regions Financial Corporation
RHI,9.43,28.04,19.17,0.9,0.0,3.82,1.42,35.4,25.3,226.6,Industrials,107.14,hold,2.7,Robert Half International Inc.
RJF,2.51,17.07,15.06,0.88,4.26,5.62,1.63,15.8,2.2,76.3,Financial Services,95.86,buy,1.8,"Raymond James Financial, Inc."
RKT,3.34,5.21,10.21,,40.29,2.94,,76.5,38.1,26.6,Financial Services,15.35,hold,3.0,"Rocket Companies, Inc."
RL,3.18,48.06,14.66,0.65,0.74,2.44,2.35,6.5,-1.6,225.0,Consumer Cyclical,117.21,buy,2.4,Ralph Lauren Corporation
RMD,12.87,78.75,38.54,3.42,0.23,3.24,0.61,17.0,14.0,9.3,Healthcare,254.99,hold,2.8,ResMed Inc.
ROK,15.58,23.17,27.17,1.91,0.88,13.16,1.4,92.3,33.8,-15.1,Industrials,304.84,hold,2.7,"Rockwell Automation, Inc."
ROL,17.17,54.19,48.73,6.61,0.08,0.68,0.87,34.1,23.4,31.1,Consumer Cyclical,36.74,hold,2.6,"Rollins, Inc."
ROP,4.3,45.14,27.84,3.79,0.78,10.04,0.5,10.0,5.8,29.5,Industrials,453.35,buy,2.4,"Roper Technologies, Inc."
ROST,9.76,28.68,20.16,,0.64,3.76,1.06,38.7,2.9,2141.8,Consumer Cyclical,107.91,buy,2.0,"Ross Stores, Inc."
RSG,4.55,35.64,28.19,3.68,1.02,3.51,1.47,13.1,8.2,46.6,Industrials,125.05,buy,2.1,"Republic Services, Inc."
RTX,1.91,64.67,17.82,2.66,0.44,1.39,2.26,3.1,-2.4,126.8,Industrials,90.15,buy,1.9,Raytheon Technologies Corporati
SBAC,,143.42,84.47,,,2.36,0.69,-5.6,10.5,583.2,Real Estate,337.9,buy,1.9,SBA Communications Corporation
SBUX,,46.99,26.68,0.86,,2.39,1.6,-37.5,15.5,267.5,Consumer Cyclical,112.21,buy,2.2,Starbucks Corporation
SCHW,3.03,32.33,12.84,1.53,8.23,2.36,0.94,10.0,0.8,22.8,Financial Services,76.39,buy,2.1,Charles Schwab Corporation (The
SEE,92.82,18.48,14.29,1.93,39.82,3.11,1.39,504.1,16.4,10.5,Consumer Cyclical,57.55,buy,2.1,Sealed Air Corporation
SHW,27.17,36.81,25.25,3.12,3.19,7.98,0.75,63.2,16.9,12.1,Basic Materials,293.75,buy,2.2,Sherwin-Williams Company (The)
SIVB,3.77,19.02,23.96,2.38,0.19,35.0,,22.1,17.1,105.9,Financial Services,665.56,buy,2.3,SVB Financial Group
SJM,1.61,17.13,13.71,15.44,0.57,7.11,3.25,9.6,8.5,-31.7,Consumer Defensive,121.84,hold,3.2,J.M. Smucker Company (The) New
SLB,3.4,42.85,17.57,0.8,1.23,0.72,1.61,8.3,-34.8,112.3,Energy,31.02,buy,1.9,Schlumberger N.V.
SNA,2.92,15.04,13.93,1.54,0.36,14.37,2.28,20.6,13.1,103.7,Industrials,216.16,hold,2.6,Snap-On Incorporated
SNPS,8.84,62.25,39.11,3.89,0.02,4.79,,15.0,12.8,-21.9,Technology,298.37,buy,1.9,"Synopsys, Inc."
SO,2.36,21.24,17.72,3.27,1.85,2.95,4.21,11.1,5.6,-39.4,Utilities,62.67,hold,2.6,Southern Company (The)
SPG,13.8,29.32,25.87,3.41,8.22,4.57,4.48,54.2,6.6,126.0,Real Estate,134.01,buy,2.2,"Simon Property Group, Inc."
SPGI,82.44,42.48,27.48,4.55,0.0,10.19,0.71,303.2,57.2,0.8,Financial Services,432.8,buy,1.8,S&P Global Inc.
SRE,1.61,18.29,14.86,4.25,1.04,6.87,3.5,9.5,5.1,-12.5,Utilities,125.59,buy,2.2,DBA Sempra
STAG,2.45,36.66,64.45,5.24,0.71,1.11,3.55,6.6,3.1,71.4,Real Estate,40.8,buy,2.3,"Stag Industrial, Inc."
STE,2.98,64.78,22.75,6.48,0.55,3.35,0.79,6.4,7.7,-123.1,Healthcare,217.33,buy,1.6,STERIS plc (Ireland)
STOR,1.75,38.68,31.8,6.35,0.79,0.85,4.66,4.5,2.1,41.5,Real Estate,33.07,buy,2.4,STORE Capital Corporation
STT,1.33,14.17,10.64,0.96,0.0,6.29,2.56,9.6,3.6,11.5,Financial Services,89.08,buy,2.3,State Street Corporation
STX,29.85,15.05,9.31,1.03,8.14,5.43,3.28,133.9,25.3,226.5,Technology,81.78,buy,2.4,Seagate Technology Holdings PLC
STZ,3.42,41.14,18.41,4.32,0.85,5.26,1.4,10.0,9.4,-408.0,Consumer Defensive,216.51,buy,2.1,"Constellation Brands, Inc."
SWK,2.73,15.98,14.32,1.11,0.41,11.12,1.78,18.4,10.4,85.6,Industrials,177.61,buy,2.2,"Stanley Black & Decker, Inc."
SWKS,5.35,19.12,14.11,1.13,0.3,8.49,1.38,31.0,19.6,162.5,Technology,162.24,buy,2.3,"Skyworks Solutions, Inc."
SYF,2.13,8.86,8.67,0.23,1.0,5.6,1.77,26.5,35.3,2487.5,Financial Services,49.62,buy,2.1,Synchrony Financial
SYK,7.25,48.68,25.41,3.65,0.92,5.46,0.95,15.6,6.9,800.6,Healthcare,265.96,buy,2.2,Stryker Corporation
SYY,27.35,81.17,19.6,1.52,7.14,1.02,2.27,36.9,10.9,124.1,Consumer Defensive,82.87,buy,2.5,Sysco Corporation
T,1.2,,8.24,,1.11,-0.31,7.68,-1.3,1.7,22.2,Communication Services,27.09,hold,2.9,AT&T Inc.
TAP,0.79,,10.99,,0.63,-2.57,0.72,-4.3,-3.5,98.7,Consumer Defensive,47.19,hold,2.8,Molson Coors Beverage Company
TDG,,75.78,28.59,5.92,,8.55,,-13.4,10.2,,Industrials,648.03,buy,2.2,Transdigm Group Incorporated Tr
TDY,2.5,44.48,24.95,2.43,0.65,9.65,,8.9,10.3,-40.1,Technology,429.47,buy,1.9,Teledyne Technologies Incorpora
TEL,4.81,28.84,20.7,2.62,0.41,5.08,1.37,,-1.8,,Technology,146.41,buy,2.1,TE Connectivity Ltd. New Switze
TER,7.36,21.8,17.56,1.51,0.14,5.11,0.36,42.1,31.0,67.8,Technology,111.43,buy,2.2,"Teradyne, Inc."
TFC,1.31,15.82,12.26,1.78,0.6,3.83,3.17,8.4,12.7,73.7,Financial Services,60.52,buy,2.4,Truist Financial Corporation
TFX,5.04,50.42,25.79,4.58,0.67,7.42,0.36,10.5,6.9,624.9,Healthcare,373.99,buy,2.0,Teleflex Incorporated
TGT,7.63,18.31,17.79,1.38,0.86,12.55,1.57,43.8,17.9,9.0,Consumer Defensive,229.82,buy,1.9,Target Corporation
TJX,12.21,31.67,19.23,,0.52,2.05,1.6,42.0,2.3,460.2,Consumer Cyclical,64.98,buy,1.9,"TJX Companies, Inc. (The)"
TMO,6.22,27.0,27.4,2.26,0.51,21.61,0.18,24.9,12.3,58.9,Healthcare,583.51,buy,1.8,Thermo Fisher Scientific Inc
TMUS,2.28,39.4,34.77,1.03,1.19,3.13,,5.9,4.1,559.3,Communication Services,123.18,buy,1.9,"T-Mobile US, Inc."
TPR,3.27,14.6,10.27,1.66,0.49,2.62,2.62,28.5,16.7,165.3,Consumer Cyclical,38.18,buy,2.2,"Tapestry, Inc."
TRMB,5.43,40.58,28.0,4.06,0.36,2.04,,14.3,8.1,117.9,Technology,82.9,buy,2.0,Trimble Inc.
TROW,5.59,15.34,14.49,0.97,0.0,12.69,2.22,37.9,26.3,35.5,Financial Services,194.58,hold,3.0,"T. Rowe Price Group, Inc."
TRV,1.35,10.58,11.38,1.3,0.25,14.86,2.24,13.2,8.5,,Financial Services,157.24,hold,2.6,"The Travelers Companies, Inc."
TSCO,11.51,26.38,22.35,2.87,0.52,7.51,1.05,46.0,26.4,9.9,Consumer Cyclical,198.0,buy,2.3,Tractor Supply Company
TSLA,31.07,415.07,111.46,8.02,0.38,1.91,,10.0,5.0,915.7,Consumer Cyclical,793.61,hold,2.6,"Tesla, Inc."
TSN,1.72,12.39,10.76,1.65,0.63,6.35,2.26,14.5,9.5,41.7,Consumer Defensive,78.68,buy,2.2,"Tyson Foods, Inc."
TT,6.58,31.95,25.25,1.53,0.77,5.55,1.33,21.1,10.6,68.0,Industrials,177.21,hold,2.6,Trane Technologies plc
TTWO,5.46,30.43,25.97,2.47,0.0,5.61,,20.1,16.2,68.8,Communication Services,170.77,buy,2.1,"Take-Two Interactive Software, "
TWTR,6.6,136.4,52.31,3.33,0.67,0.47,,4.9,-9.3,104.3,Communication Services,63.97,hold,2.8,"Twitter, Inc."
TXN,16.17,27.24,23.93,2.72,0.56,7.17,2.36,69.0,34.2,38.6,Technology,195.31,buy,2.5,Texas Instruments Incorporated
TXT,2.71,23.76,18.6,0.85,0.63,3.08,0.11,11.9,3.8,299.8,Industrials,73.3,buy,2.1,Textron Inc.
TYL,9.1,126.22,59.55,12.62,0.74,3.73,,7.7,9.7,-53.4,Technology,470.69,buy,1.9,"Tyler Technologies, Inc."
UA,4.72,70.85,30.47,3.25,,0.26,,,,,Consumer Cyclical,18.28,hold,3.5,"Under Armour, Inc."
UAA,5.25,27.89,24.38,1.0,0.44,0.76,,21.3,-18.6,131.8,Consumer Cyclical,21.11,buy,2.5,"Under Armour, Inc."
UAL,3.27,,14.23,,7.05,-18.34,,-95.9,-13.9,76.9,Industrials,49.52,hold,2.7,"United Airlines Holdings, Inc."
UDR,5.79,1338.5,225.91,,1.99,0.04,2.71,0.4,3.0,-81.4,Real Estate,53.54,buy,2.5,"UDR, Inc."
UHS,1.73,10.54,10.52,1.33,0.55,12.63,0.6,17.1,10.4,28.3,Healthcare,133.16,hold,2.7,"Universal Health Services, Inc."
ULTA,10.91,28.83,22.63,0.51,0.0,13.01,,38.4,9.1,3015.9,Consumer Cyclical,375.03,buy,2.3,"Ulta Beauty, Inc."
UNH,5.54,26.73,18.73,1.94,0.7,15.14,1.43,21.8,16.0,-35.5,Healthcare,404.7,buy,1.8,UnitedHealth Group Incorporated
UNM,0.51,7.93,4.76,1.93,0.0,3.44,4.4,6.5,6.9,-31.6,Financial Services,27.25,hold,3.0,Unum Group
UNP,9.76,24.11,18.86,1.54,2.01,8.79,2.02,36.4,14.2,63.4,Industrials,211.88,buy,2.1,Union Pacific Corporation
UPS,14.7,26.26,15.51,1.65,2.09,6.92,2.25,100.5,28.4,49.8,Industrials,181.6,buy,2.3,"United Parcel Service, Inc."
URI,5.01,25.58,14.16,1.51,1.99,13.78,,21.6,10.9,37.4,Industrials,352.43,buy,2.3,"United Rentals, Inc."
USB,1.96,13.26,13.97,1.01,0.77,4.67,2.97,15.0,9.1,215.1,Financial Services,61.88,buy,2.2,U.S. Bancorp
V,13.14,55.51,31.76,2.82,0.61,4.15,0.56,31.5,20.2,-2.7,Financial Services,230.55,buy,1.8,Visa Inc.
VFC,8.17,34.15,17.95,0.72,1.75,2.0,2.87,32.8,5.7,154.7,Consumer Cyclical,68.4,buy,2.2,V.F. Corporation
VIAC,1.28,7.91,9.86,,0.88,5.03,2.41,19.4,9.9,95.8,Communication Services,39.84,buy,2.5,ViacomCBS Inc.
VLO,1.75,,15.5,,0.83,-3.37,5.16,-7.5,-2.0,-87.2,Energy,75.9,buy,1.9,Valero Energy Corporation
VMC,3.73,34.88,29.12,2.03,0.44,5.06,0.84,11.0,7.9,-7.0,Basic Materials,176.64,buy,2.2,Vulcan Materials Company (Holdi
VNO,1.64,,63.12,,1.59,-0.54,4.87,-2.0,-0.5,124.1,Real Estate,43.55,hold,3.0,Vornado Realty Trust
VRSK,12.16,49.69,34.78,5.33,1.13,4.16,0.56,25.8,14.4,-12.9,Industrials,206.74,buy,2.2,"Verisk Analytics, Inc."
VRSN,,38.06,33.92,4.76,,5.51,,-44.8,223.9,-0.5,Technology,209.63,buy,2.2,"VeriSign, Inc."
VRTX,5.07,23.72,12.8,2.42,0.0,7.59,,22.8,26.4,-91.9,Healthcare,180.02,buy,2.0,Vertex Pharmaceuticals Incorpor
VTR,2.02,136.09,73.34,,1.16,0.4,3.29,1.5,3.0,154.2,Real Estate,54.71,hold,2.6,"Ventas, Inc."
VTRS,0.78,,3.6,,1.15,-1.8,3.23,-10.5,-0.4,-403.2,Healthcare,13.63,buy,2.4,Viatris Inc.
VZ,3.03,11.17,10.04,3.08,2.06,4.83,4.66,28.8,10.9,23.3,Communication Services,53.9,hold,2.7,Verizon Communications Inc.
WAB,1.66,37.86,18.33,5.19,0.4,2.39,0.53,4.5,4.2,44.8,Industrials,90.33,buy,2.4,Westinghouse Air Brake Technolo
WAT,79.61,32.73,29.82,3.52,5.98,10.58,,383.0,35.0,36.1,Healthcare,346.31,hold,3.1,Waters Corporation
WBA,1.87,20.66,9.55,4.02,0.76,2.32,3.91,10.9,2.4,162.1,Healthcare,47.85,hold,3.0,"Walgreens Boots Alliance, Inc."
WDC,1.63,21.85,4.93,0.46,0.81,2.63,,8.2,5.7,301.4,Technology,57.39,buy,2.2,Western Digital Corporation
WEC,2.61,21.96,18.4,3.38,1.35,4.08,3.02,12.2,5.8,14.3,Utilities,89.72,hold,3.1,"WEC Energy Group, Inc."
WELL,2.17,,46.33,,0.85,-0.45,2.94,3.7,1.6,-179.0,Real Estate,82.93,buy,2.1,Welltower Inc.
WFC,1.16,13.84,13.23,,1.05,3.45,1.68,8.7,7.6,236.4,Financial Services,47.76,buy,2.2,Wells Fargo & Company
WHR,2.6,6.83,8.15,0.84,1.07,30.01,2.73,46.5,13.4,1836.7,Consumer Cyclical,204.94,hold,2.6,Whirlpool Corporation
WLTW,2.69,20.39,16.94,2.75,0.44,11.85,1.18,13.6,6.1,42.6,Financial Services,241.5,buy,2.3,Willis Towers Watson Public Lim
WM,8.83,40.97,27.5,2.81,1.8,3.76,1.49,21.8,9.3,14.4,Industrials,153.99,buy,2.4,"Waste Management, Inc."
WMB,2.93,29.19,22.67,5.84,2.02,0.95,5.93,9.8,3.2,0.1,Energy,27.64,buy,1.9,"Williams Companies, Inc. (The)"
WMT,4.84,39.23,21.15,4.91,0.58,3.55,1.58,12.5,5.6,-33.1,Consumer Defensive,139.24,buy,2.0,Walmart Inc.
WRB,2.18,15.56,13.96,1.73,0.44,4.98,0.67,14.7,7.6,234.3,Financial Services,77.46,hold,2.7,W.R. Berkley Corporation
WRK,1.19,,9.82,,0.76,-2.52,1.89,-5.8,-2.1,35.6,Consumer Cyclical,50.92,buy,2.1,Westrock Company
WSBF,1.13,5.27,12.7,,0.0,3.88,3.91,22.3,6.4,-12.9,Financial Services,20.45,hold,3.0,"Waterstone Financial, Inc."
WST,15.21,61.04,47.44,2.24,0.13,6.84,0.16,27.9,15.9,104.8,Healthcare,417.72,buy,2.0,"West Pharmaceutical Services, I"
WTM,0.84,4.5,52.09,,0.11,243.15,0.09,20.8,16.2,20.4,Financial Services,1093.97,hold,3.0,White Mountains Insurance Group
WU,29.71,10.62,9.07,1.17,10.47,1.96,4.52,427.0,26.3,38.1,Financial Services,20.8,hold,2.8,Western Union Company (The)
WY,2.6,11.82,20.7,2.36,0.5,3.04,1.89,24.7,9.6,1327.8,Real Estate,35.98,buy,1.9,Weyerhaeuser Company
WYNN,94.99,,,,115.96,-13.24,,,-14.1,80.8,Consumer Cyclical,85.49,buy,2.1,"Wynn Resorts, Limited"
XEL,2.33,21.81,20.19,3.26,1.58,2.93,2.86,10.8,6.0,5.9,Utilities,63.97,hold,2.9,Xcel Energy Inc.
XLNX,12.46,51.69,38.57,5.74,0.0,3.06,0.96,27.5,15.3,116.6,Technology,158.07,hold,2.9,"Xilinx, Inc."
XOM,1.64,,12.1,,0.38,-3.12,5.74,-8.2,-11.1,533.7,Energy,60.66,hold,2.7,Exxon Mobil Corporation
XRAY,2.5,34.59,18.0,1.39,0.44,1.68,0.76,7.5,-0.5,202.8,Healthcare,58.0,buy,2.0,DENTSPLY SIRONA Inc.
XYL,7.25,57.64,33.21,2.82,1.01,2.12,0.92,13.0,5.6,263.1,Industrials,122.36,hold,2.7,Xylem Inc.
YUM,,28.73,25.19,1.85,,4.36,1.6,-16.9,48.9,91.7,Consumer Cyclical,125.22,hold,2.6,"Yum! Brands, Inc."
ZBH,2.45,33.12,14.33,2.95,0.62,4.46,0.65,7.5,0.2,174.5,Healthcare,147.74,buy,1.9,"Zimmer Biomet Holdings, Inc."
ZBRA,10.41,35.66,26.74,3.57,0.38,14.14,,33.6,17.6,118.1,Technology,504.41,buy,2.2,Zebra Technologies Corporation
ZION,1.35,9.47,13.89,,0.17,6.66,2.41,14.8,19.3,512.2,Financial Services,63.07,hold,2.7,Zions Bancorporation N.A.
ZTS,21.73,49.83,38.82,3.66,1.65,3.99,0.5,48.3,14.9,36.1,Healthcare,199.01,buy,1.7,Zoetis Inc.
